{
    "loss": 0.49285057187080383,
    "accuracy": 0.8779501914978027
}